{"stations":[{"fare_zone":7,"id":1,"location":"I.U. Willets Road and Albertson Avenue, between Willis Avenue and Roslyn Road.","mileage_to_penn":20.8,"name":"Albertson","pic_filename":"alberson.jpg"},{"fare_zone":14,"id":2,"location":"Main Street and Abrams Landing Road.","mileage_to_penn":104.3,"name":"Amagansett","pic_filename":"amagansett.jpg"},{"fare_zone":9,"id":3,"location":"John Street, between Sunrise Highway (Route 27) and Route 27A, just west of Route 110.","mileage_to_penn":30.6,"name":"Amityville","pic_filename":"amityville.jpg"},{"fare_zone":1,"id":4,"location":"Intersection of Atlantic and Flatbush Avenues and Hanson Place.","mileage_to_penn":0,"name":"Atlantic Terminal","pic_filename":"atlanticterminal.jpg"},{"fare_zone":3,"id":5,"location":"Off Station Road, between 192nd Street and 39th Avenue, just north of Northern Boulevard.","mileage_to_penn":9.9,"name":"Auburndale","pic_filename":"auburndale.jpg"},{"fare_zone":9,"id":6,"location":"Railroad Avenue just West of Deer Park Avenue, 1 mile South of Sunrise Highway (Route 27).","mileage_to_penn":36.6,"name":"Babylon","pic_filename":"babylon.jpg"},{"fare_zone":7,"id":7,"location":"Sunrise Highway and Grand Avenue, North side of Sunrise Highway (Route 27).","mileage_to_penn":21.2,"name":"Baldwin","pic_filename":"baldwin.jpg"},{"fare_zone":10,"id":8,"location":"Park Avenue and Oak Street to Railroad Plaza, just North of Union Boulevard.","mileage_to_penn":40.7,"name":"BayShore","pic_filename":"bayshore.jpg"},{"fare_zone":3,"id":9,"location":"213th Street and 41st Avenue, off Bell Boulevard and just north of Northern Boulevard.","mileage_to_penn":10.8,"name":"Bayside","pic_filename":"bayside.jpg"},{"fare_zone":4,"id":10,"location":"Commonwealth Boulevard and Superior Road, 1\/4 mile South of Jericho Turnpike.","mileage_to_penn":14.3,"name":"Bellrose","pic_filename":"bellerose.jpg"},{"fare_zone":7,"id":11,"location":"Sunrise Highway (Route 27) and Bedford Avenue, North side of Sunrise Highway, between Newbridge Road and Bellmore Avenue.","mileage_to_penn":25.6,"name":"Bellmore","pic_filename":"bellmore.jpg"},{"fare_zone":12,"id":12,"location":"Station Road and Montauk Highway, South side of Main Street (Route 27A).","mileage_to_penn":57.8,"name":"Bellport","pic_filename":"bellport.jpg"},{"fare_zone":3,"id":13,"location":"At Belmont Park","mileage_to_penn":17,"name":"Belmont","pic_filename":"belmont.jpg"},{"fare_zone":7,"id":14,"location":"Stewart Avenue and Jackson Avenue, 1 mile North of Hempstead Turnpike (Route 24), off Railroad Avenue.","mileage_to_penn":27.9,"name":"Bethpage","pic_filename":"bethpage.jpg"},{"fare_zone":10,"id":15,"location":"Brentwood Road and Suffolk Avenue, 1\/2 mile East of Brentwood Road, just South of Suffolk Avenue.","mileage_to_penn":41.1,"name":"Brentwood","pic_filename":"brentwood.jpg"},{"fare_zone":14,"id":16,"location":"Maple Lane and Butter Lane, 1\/4 mile north of Montauk Highway (Route 27A).","mileage_to_penn":94,"name":"Bridgehampton","pic_filename":"bridgehampton.jpg"},{"fare_zone":3,"id":17,"location":"Intersection of 162nd Street and Northern Boulevard.","mileage_to_penn":9.2,"name":"Broadway","pic_filename":"broadway.jpg"},{"fare_zone":7,"id":18,"location":"Cherry Lane and Atlantic Avenue, 1\/4 mile North of Old Country Road.","mileage_to_penn":20.4,"name":"Carle Place","pic_filename":"carleplace.jpg"},{"fare_zone":4,"id":19,"location":"Cedarhurst Avenue and Chestnut Street, 2 blocks West of Broadway.","mileage_to_penn":18.8,"name":"Cedarhurst","pic_filename":"cedarhurst.jpg"},{"fare_zone":10,"id":20,"location":"Lowell and Suffolk Avenues, 1\/2 mile East of Wheelers Road, 1 mile West of Veteran's Highway.","mileage_to_penn":43.6,"name":"Central Islip","pic_filename":"centralislip.jpg"},{"fare_zone":7,"id":21,"location":"Forest Avenue between Rocklyn and Centre Avenue, 1 block East of Atlantic Avenue.","mileage_to_penn":17.8,"name":"Centre Avenue","pic_filename":"centreavenue.jpg"},{"fare_zone":9,"id":22,"location":"West Pulaski Road and East Gate Drive, just South of Woodbury Road.","mileage_to_penn":31.9,"name":"Cold Spring Harbor","pic_filename":"coldspringharbor.jpg"},{"fare_zone":9,"id":23,"location":"Marconi Boulevard and Great Neck Road, just North of Oak Street.","mileage_to_penn":32.4,"name":"Copiague","pic_filename":"copiague.jpg"},{"fare_zone":4,"id":24,"location":"Intersection of Damson and Saint James Street.","mileage_to_penn":19,"name":"Country Life Press","pic_filename":"countrylifepress.jpg"},{"fare_zone":9,"id":25,"location":"Intersection of Pineaire Drive, Grant (Executive) Avenue, and Long Island Avenue, between Commack Road and Sagtikos Parkway. ","mileage_to_penn":38.4,"name":"Deer Park","pic_filename":"deerpark.jpg"},{"fare_zone":3,"id":26,"location":"235th Street and 41st Avenue, off Douglaston Parkway and Wainscott Avenue. Just north of Northern Boulevard.","mileage_to_penn":12.1,"name":"Douglaston","pic_filename":"douglaston.jpg"},{"fare_zone":14,"id":27,"location":"Newtown Lane and Race Lane, 1\/4 mile north of Main Street.","mileage_to_penn":100.9,"name":"East Hampton","pic_filename":"easthampton.jpg"},{"fare_zone":3,"id":28,"location":"Atlantic Avenue and Williams ","mileage_to_penn":0,"name":"East New York","pic_filename":"eastnewyork.jpg"},{"fare_zone":7,"id":29,"location":"Ocean Avenue and Davison Place, 2 blocks North of Atlantic Avenue next to Shopping Plaza.","mileage_to_penn":18.3,"name":"East Rockaway","pic_filename":"eastrockaway.jpg"},{"fare_zone":4,"id":30,"location":"Hillside Avenue and Pennsylvania Avenue, between Willis Avenue and Roslyn Road.","mileage_to_penn":19.8,"name":"East Williston","pic_filename":"eastwilliston.jpg"},{"fare_zone":4,"id":31,"location":"Nameoke Street and Redfern Avenue, off Central Avenue. ","mileage_to_penn":20.4,"name":"Far Rockaway","pic_filename":"farrockaway.jpg"},{"fare_zone":7,"id":22,"location":"Off Secatague Avenue, on Front Street and Atlantic Avenue, just North of Conklin Street.","mileage_to_penn":30.2,"name":"Farmingdale","pic_filename":"farmingdale.jpg"},{"fare_zone":4,"id":33,"location":"Tulip and Atlantic Avenue, 1\/4 mile South of Jericho Turnpike.","mileage_to_penn":14.9,"name":"Floral Park","pic_filename":"floralpark.jpg"},{"fare_zone":3,"id":34,"location":"Main Street and 41st Avenue, off Kissena Boulevard.","mileage_to_penn":7.5,"name":"Flushing Main Street","pic_filename":"flushingmainstreet.jpg"},{"fare_zone":1,"id":35,"location":"Continental Avenue (71st Ave) & Austin Street, 2 blocks South of Queens Boulevard.","mileage_to_penn":6.7,"name":"Forest Hills","pic_filename":"foresthills.jpg"},{"fare_zone":7,"id":36,"location":"Between Henry Street and Benson Place, north of Sunrise Highway (Route 27).","mileage_to_penn":22.7,"name":"Freeport","pic_filename":"freeport.jpg"},{"fare_zone":4,"id":37,"location":"7th Street between Hilton and Cathedral Avenues.","mileage_to_penn":18.4,"name":"Garden City","pic_filename":"gardencity.jpg"},{"fare_zone":4,"id":38,"location":"The intersection of Gibson and Munro Boulevards, South of Sunrise Highway.","mileage_to_penn":16.4,"name":"Gibson","pic_filename":"gibson.jpg"},{"fare_zone":7,"id":39,"location":"Duck Pond Road and Pearsall Avenue, off Norfolk Lane.","mileage_to_penn":27.9,"name":"Glen Cove","pic_filename":"glencove.jpg"},{"fare_zone":7,"id":40,"location":"Glen Head Road and School Street","mileage_to_penn":25.4,"name":"Glen Head","pic_filename":"glenhead.jpg"},{"fare_zone":7,"id":41,"location":"Cedar Swamp Road (Glen Street) and Elm Avenue, just east of Glen Cove Highway (Route 107).","mileage_to_penn":27.3,"name":"Glen Street","pic_filename":"glenstreet.jpg"},{"fare_zone":4,"id":42,"location":"Middle Neck Road and Station Plaza at Great Neck Road, 1\/4 mile North of Route 25A.","mileage_to_penn":13.8,"name":"Great Neck","pic_filename":"greatneck.jpg"},{"fare_zone":10,"id":43,"location":"Connetquot Avenue and Hawthorne Avenue, between Sunrise Highway (Route 27) and Montauk Highway (Route 27A). ","mileage_to_penn":45.2,"name":"Great River","pic_filename":"greatriver.jpg"},{"fare_zone":9,"id":44,"location":"Broadway (Centerport Road) and Boulevard Avenue, 1\/4 mile North of Pulaski Road.","mileage_to_penn":37.4,"name":"Greenlawn","pic_filename":"greenlawn.jpg"},{"fare_zone":14,"id":45,"location":"Wiggins and 4th Streets at Ferry Dock.","mileage_to_penn":94.3,"name":"Greenport","pic_filename":"greenport.jpg"},{"fare_zone":7,"id":46,"location":"Off Helen Street, between Glen Cove Avenue and Glen Cove Road. Three blocks North of 25A (Northern Boulevard).","mileage_to_penn":24.2,"name":"Greenvale","pic_filename":"greenvale.jpg"},{"fare_zone":14,"id":47,"location":"Springville Road and Goodground Road, just East of Ponquogue Avenue.","mileage_to_penn":81.2,"name":"Hampton Bays","pic_filename":"hamptonbays.jpg"},{"fare_zone":4,"id":48,"location":"Off West Columbia Street and Main Street","mileage_to_penn":19.8,"name":"Hempstead","pic_filename":"hempstead.jpg"},{"fare_zone":4,"id":49,"location":"Hempstead Gardens Drive and Chestnut Street, just East of Woodfield Road.","mileage_to_penn":19.5,"name":"Hempstead Gardens","pic_filename":"hempsteadgardens.jpg"},{"fare_zone":4,"id":50,"location":"Franklin Avenue between Broadway and West Broadway.","mileage_to_penn":17.2,"name":"Hewlett","pic_filename":"hewlett.jpg"},{"fare_zone":7,"id":51,"location":"Newbridge Road (Route 106) and West Barclay Street. One mile South of Exit 41 South off Long Island Expressway, or Exit 35 South off the Northern State Parkway.","mileage_to_penn":24.8,"name":"Hicksville","pic_filename":"hicksville.jpg"},{"fare_zone":4,"id":52,"location":"193rd Street and Woodhull Avenue, just South of Jamaica Avenue.","mileage_to_penn":11.5,"name":"Hollis","pic_filename":"hollis.jpg"},{"fare_zone":1,"id":53,"location":"Hunterspoint Avenue and Skillman Avenue off Van Dam Street.","mileage_to_penn":0,"name":"Hunterspoint Avenue","pic_filename":"hunterspointavenue.jpg"},{"fare_zone":9,"id":54,"location":"New York Avenue (Route 110) and Broadway, 2 miles North of Jericho Turnpike.","mileage_to_penn":34.7,"name":"Huntington","pic_filename":"huntington.jpg"},{"fare_zone":4,"id":55,"location":"Off Doughty Boulevard, 2 blocks West of Central Avenue.","mileage_to_penn":19.9,"name":"Inwood","pic_filename":"inwood.jpg"},{"fare_zone":7,"id":56,"location":"Long Beach Road and Austin Boulevard.","mileage_to_penn":21.4,"name":"Island Park","pic_filename":"islandpark.jpg"},{"fare_zone":10,"id":57,"location":"Islip Avenue (Route 111), between Sunrise Highway (Route 27) and Montauk Highway (Route 27A). North of Union Boulevard, south of Moffitt Boulevard.","mileage_to_penn":43.1,"name":"Islip","pic_filename":"islip.jpg"},{"fare_zone":3,"id":58,"location":"93-02 Sutphin Blvd., Jamaica, NY 11435. Corner of Sutphin Boulevard and Archer Avenue, 2 blocks south of Jamaica Avenue. . The easiest way to Kennedy Airport is by Air Train. AirTrain JFK leaves from the terminal adjacent to the Long Island Rail Road's Jamaica Station every 2 to 12 minutes, depending upon the time of day.","mileage_to_penn":9.3,"name":"Jamaica","pic_filename":"jamaica.jpg"},{"fare_zone":1,"id":59,"location":"Austin Street and Lefferts Boulevard, between Queens Boulevard and Metropolitan Avenue.","mileage_to_penn":7.7,"name":"Kew Gardens","pic_filename":"kewgardens.jpg"},{"fare_zone":10,"id":60,"location":"Indian Head Road and Main Street, just South of Route 25A.","mileage_to_penn":43.4,"name":"Kings Park","pic_filename":"kingspark.jpg"},{"fare_zone":4,"id":61,"location":"Woodfield Road and Eagle Avenue.","mileage_to_penn":18.8,"name":"Lakeview","pic_filename":"lakeview.jpg"},{"fare_zone":3,"id":62,"location":"224th Street and 141st Road just East of Springfield Boulevard.","mileage_to_penn":13.1,"name":"Laurelton","pic_filename":"laurelton.jpg"},{"fare_zone":4,"id":63,"location":"Lawrence Avenue and Bayview Avenue, 2 blocks West of Central Avenue.","mileage_to_penn":19.5,"name":"Lawrence","pic_filename":"lawrence.jpg"},{"fare_zone":9,"id":64,"location":"Wellwood Avenue and East Hoffman Avenue between Sunrise Highway (Route 27) and Montauk Highway (Route 27A).","mileage_to_penn":33.7,"name":"Lindenhurst","pic_filename":"lindenhurst.jpg"},{"fare_zone":3,"id":65,"location":"Little Neck Parkway and 39th Road, just north of Northern Boulevard.","mileage_to_penn":12.7,"name":"Little Neck","pic_filename":"littleneck.jpg"},{"fare_zone":3,"id":66,"location":"Farmers Boulevard and Bedell Street.","mileage_to_penn":12.2,"name":"Locust Manor","pic_filename":"locustmanor.jpg"},{"fare_zone":7,"id":67,"location":"Birch Hill Road \/ Piping Rock Road, just South of Forest Avenue.","mileage_to_penn":29,"name":"Locust Vallley","pic_filename":"locustvalley.jpg"},{"fare_zone":7,"id":68,"location":"Park Place and Park Avenue, 1\/4 mile West of Long Beach Road.","mileage_to_penn":22.7,"name":"Long Beach","pic_filename":"longbeach.jpg"},{"fare_zone":1,"id":69,"location":"Borden Avenue and 2nd Street ","mileage_to_penn":0,"name":"Long Island City","pic_filename":"longislandcity.jpg"},{"fare_zone":4,"id":70,"location":"Sunrise Highway and between Peninsula Boulevard and Broadway.","mileage_to_penn":17.7,"name":"Lynbrook","pic_filename":"lynbrook.jpg"},{"fare_zone":4,"id":71,"location":"Hempstead Avenue and Utterby Road","mileage_to_penn":17.6,"name":"Malverne","pic_filename":"malverne.jpg"},{"fare_zone":4,"id":72,"location":"Plandome Road and Maple Place, off Park Avenue. Five blocks North of Route 25A.","mileage_to_penn":15.4,"name":"Manhasset","pic_filename":"manhasset.jpg"},{"fare_zone":7,"id":73,"location":"Sunrise Highway (Route 27), just East of Broadway and Route 107.","mileage_to_penn":28.7,"name":"Massapequa","pic_filename":"massapequa.jpg"},{"fare_zone":7,"id":74,"location":"Sunrise Highway (Route 27) and Park Boulevard.","mileage_to_penn":29.5,"name":"Massapequa Park","pic_filename":"massapequapark.jpg"},{"fare_zone":12,"id":75,"location":"William Floyd Parkway and Northern Boulevard, just South of 27A.","mileage_to_penn":62.3,"name":"Mastic Shirley","pic_filename":"masticshirley.jpg"},{"fare_zone":14,"id":76,"location":"Love Lane and Pike Street, just North of Route 25.","mileage_to_penn":82.4,"name":"Mattituck","pic_filename":"mattituck.jpg"},{"fare_zone":11,"id":77,"location":"East Rutherford, NJ. The Meadowlands Station is serviced by New Jersey Transit and is NOT a LIRR Station. The LIRR provides connecting service to the Meadowlands at Penn Station via NJ Transit.","mileage_to_penn":0,"name":"Meadowlands","pic_filename":"meadowlands.jpg"},{"fare_zone":10,"id":78,"location":"Medford Avenue (Route 112) and Long Island Avenue, 1\/4 mile South of Exit 64 off the Long Island Expressway.","mileage_to_penn":54.1,"name":"Medford","pic_filename":"medford.jpg"},{"fare_zone":4,"id":79,"location":"Nassau Boulevard and Merillon Avenue, just South of Jericho Turnpike (Route 25).","mileage_to_penn":17.3,"name":"Merillon Avenue","pic_filename":"merillonavenue.jpg"},{"fare_zone":7,"id":80,"location":"Sunrise Highway (Route 27), between Hewlett Avenue and Merrick Avenue.","mileage_to_penn":24.1,"name":"Merrick","pic_filename":"merrick.jpg"},{"fare_zone":1,"id":81,"location":"Flushing Meadow Park, south of Roosevelt Avenue.","mileage_to_penn":6.7,"name":"Mets-Willets Point","pic_filename":"mets-willetspoint.jpg"},{"fare_zone":4,"id":82,"location":"Front Street and Mineola Boulevard, one block north of Old Country Road.","mileage_to_penn":18.6,"name":"Mineola","pic_filename":"mineola.jpg"},{"fare_zone":14,"id":83,"location":"Edgemere Street and Fort Pond Road. One mile north Old Montauk Highway.","mileage_to_penn":115.8,"name":"Montauk","pic_filename":"montauk.jpg"},{"fare_zone":3,"id":84,"location":"150th Street and 41st Avenue, just south of Roosevelt Avenue.","mileage_to_penn":8.4,"name":"Murray Hill","pic_filename":"murrayhill.jpg"},{"fare_zone":4,"id":85,"location":"Nassau Boulevard and South Avenue, 4 blocks South of Stewart Avenue.","mileage_to_penn":17.3,"name":"Nassau Boulevard","pic_filename":"nassauboulevard.jpg"},{"fare_zone":4,"id":86,"location":"New Hyde Park Road and 2nd Avenue, just South of Jericho Turnpike (Route 25).","mileage_to_penn":16.2,"name":"New Hyde Park","pic_filename":"newhydepark.jpg"},{"fare_zone":9,"id":87,"location":"Larkfield Road and Bellerose Avenue, North of Pulaski Road.","mileage_to_penn":39.6,"name":"Northport","pic_filename":"northport.jpg"},{"fare_zone":1,"id":88,"location":"Nostrand Avenue and Atlantic Avenue.","mileage_to_penn":0,"name":"Nostrand Avenue","pic_filename":"nostrandavenue.jpg"},{"fare_zone":10,"id":89,"location":"Montauk Highway (Route 27A) and Oakdale-Bohemia Road.","mileage_to_penn":47.4,"name":"Oakdale","pic_filename":"oakdale.jpg"},{"fare_zone":7,"id":90,"location":"Weidner Avenue and Lawson Boulevard.","mileage_to_penn":18.9,"name":"Oceanside","pic_filename":"oceanside.jpg"},{"fare_zone":7,"id":91,"location":"Off Maxwell Avenue, between Shore and Larabee Avenues.","mileage_to_penn":32.9,"name":"Oyster Bay","pic_filename":"oysterbay.jpg"},{"fare_zone":10,"id":92,"location":"Division Street and Ocean Avenue, Just South of Main Street. ","mileage_to_penn":53.2,"name":"Patchogue","pic_filename":"patchogue.jpg"},{"fare_zone":1,"id":93,"location":"34th Street between 7th & 8th Avenues.","mileage_to_penn":0,"name":"Penn Station","pic_filename":"pennstation.jpg"},{"fare_zone":9,"id":94,"location":"Wellwood Avenue and Long Island Avenue (on Cemetery grounds). The LIRR platform is ADA accessible, but the building at the station site, maintained by the cemetery, is not.","mileage_to_penn":32.4,"name":"Pinelawn","pic_filename":"pinelawn.jpg"},{"fare_zone":4,"id":95,"location":"Off Stonytown Road and Rockwood Road, near W. Circle Drive and Colonial Drive.","mileage_to_penn":16.5,"name":"Plandome","pic_filename":"plandome.jpg"},{"fare_zone":10,"id":96,"location":"Route 112 (Main Street) and Oakland Avenue","mileage_to_penn":57.5,"name":"Port Jefferson","pic_filename":"portjefferson.jpg"},{"fare_zone":4,"id":97,"location":"Main Street, between Haven Avenue and South Bayles Avenue","mileage_to_penn":18.1,"name":"Port Washington","pic_filename":"portwashington.jpg"},{"fare_zone":3,"id":98,"location":"Springfield Boulevard, between 219th Street and 97th Avenue, just South of Jamaica Avenue.","mileage_to_penn":13.2,"name":"Queens Village","pic_filename":"queensvillage.jpg"},{"fare_zone":14,"id":99,"location":"Osborne Avenue and Railroad Street, just North of West Main Street (Route 25).","mileage_to_penn":73.3,"name":"Riverhead","pic_filename":"riverhead.jpg"},{"fare_zone":7,"id":100,"location":"North Village Avenue and Front Street, just North of Sunrise Highway (Route 27).","mileage_to_penn":19.3,"name":"Rockville Centre","pic_filename":"rockvillecentre.jpg"},{"fare_zone":10,"id":101,"location":"Hawkins Avenue, 2 blocks South of the Long Island Expressway Exit 60.","mileage_to_penn":48.5,"name":"Ronkonkoma","pic_filename":"ronkonkoma.jpg"},{"fare_zone":3,"id":102,"location":"Francis Lewis Boulevard and Sunrise Highway","mileage_to_penn":14,"name":"Rosedale","pic_filename":"rosedale.jpg"},{"fare_zone":7,"id":103,"location":"Lincoln Avenue and Railroad Avenue, just West of Roslyn Road.","mileage_to_penn":22.2,"name":"Roslyn","pic_filename":"roslyn.jpg"},{"fare_zone":10,"id":104,"location":"Lakeland Avenue, 1 mile South of Sunrise Highway (Route 27).","mileage_to_penn":49.8,"name":"Sayville","pic_filename":"sayville.jpg"},{"fare_zone":7,"id":105,"location":"Sea Cliff Avenue, East of Glen Cove Avenue and just West of Route 107.","mileage_to_penn":26.7,"name":"Sea Cliff","pic_filename":"seacliff.jpg"},{"fare_zone":7,"id":106,"location":"Sunrise Highway (Route 27) and Jackson Avenue.","mileage_to_penn":27.7,"name":"Seaford","pic_filename":"seaford.jpg"},{"fare_zone":10,"id":107,"location":"Redwood Lane and Scott Lane, off Main Street and just West of Route 111.","mileage_to_penn":47.1,"name":"Smithtown","pic_filename":"smithtown.jpg"},{"fare_zone":14,"id":108,"location":"North Main Street, between Prospect and Willow. One mile north of Montauk Highway.","mileage_to_penn":89.3,"name":"Southhampton","pic_filename":"southampton.jpg"},{"fare_zone":14,"id":109,"location":"Youngs Avenue and Traveler Street, just North of Main Road (Route 25).","mileage_to_penn":90.1,"name":"Southold","pic_filename":"southold.jpg"},{"fare_zone":12,"id":110,"location":"Phillips Avenue and Depot Road, just North of Montauk Highway (Route 27A).","mileage_to_penn":70.8,"name":"Speonk","pic_filename":"speonk.jpg"},{"fare_zone":3,"id":111,"location":"Linden Boulevard and Montauk Street, off 180th Street.","mileage_to_penn":11.8,"name":"St. Albans","pic_filename":"stalbans.jpg"},{"fare_zone":10,"id":112,"location":"Lake Avenue and 2nd Street, just South of Route 25A and North of Route 25.","mileage_to_penn":49.9,"name":"St. James","pic_filename":"stjames.jpg"},{"fare_zone":4,"id":113,"location":"New Hyde Park Road and Manor Road, South of Stewart Avenue., North of Plaza Road.","mileage_to_penn":16.3,"name":"Steward Manor","pic_filename":"stewartmanor.jpg"},{"fare_zone":10,"id":114,"location":"North Country Road (Route 25A) and Chapman Street, just West of Nicolls Road.","mileage_to_penn":53.1,"name":"Stony Brook","pic_filename":"stonybrook.jpg"},{"fare_zone":7,"id":115,"location":"Oyster Bay Road (also known as Jackson Avenue) and Underhill Boulevard, 1 mile North of Jericho Turnpike (Route 25)","mileage_to_penn":29.1,"name":"Syosset","pic_filename":"syosset.jpg"},{"fare_zone":4,"id":116,"location":"Franklin Avenue and Sunrise Highway, just West of Rockaway Avenue.","mileage_to_penn":16.1,"name":"Valley Stream","pic_filename":"valleystream.jpg"},{"fare_zone":7,"id":117,"location":"Wantagh Avenue and Railroad Avenue, just North of Sunrise Highway (Route 27).","mileage_to_penn":25.9,"name":"Wantagh","pic_filename":"wantagh.jpg"},{"fare_zone":4,"id":118,"location":"Hempstead Avenue and Hempstead Gardens Drive.","mileage_to_penn":20.1,"name":"West Hempstead","pic_filename":"westhempstead.jpg"},{"fare_zone":7,"id":119,"location":"Union and Post Avenues, 1\/4 mile North of Old Country Road.","mileage_to_penn":21.4,"name":"Westbury","pic_filename":"westbury.jpg"},{"fare_zone":14,"id":120,"location":"Station Road and Depot Road, 1\/2 mile North of Montauk Highway (Route 27A).","mileage_to_penn":74.3,"name":"Westhampton","pic_filename":"westhampton.jpg"},{"fare_zone":4,"id":121,"location":"The intersection of Foster Avenue and Motley Street, 1\/2 mile North of East Merrick Road.","mileage_to_penn":16.8,"name":"Westwood","pic_filename":"westwood.jpg"},{"fare_zone":4,"id":122,"location":"Woodmere Boulevard and Cedar Lane, between Central Avenue and West Broadway.","mileage_to_penn":17.8,"name":"Woodmere","pic_filename":"woodmere.jpg"},{"fare_zone":1,"id":123,"location":"61st Street and Roosevelt Avenue","mileage_to_penn":3.1,"name":"Woodside","pic_filename":"woodside.jpg"},{"fare_zone":9,"id":124,"location":"Straight Path and Long Island Avenue, off Acorn Street.","mileage_to_penn":34.7,"name":"Wyandanch","pic_filename":"wyandanch.jpg"},{"fare_zone":12,"id":125,"location":"Yaphank Avenue and Park Street, 1 mile North of Highway 27 (Exit 57).","mileage_to_penn":58.6,"name":"Yaphank","pic_filename":"yaphank.jpg"}]}